<?xml version="1.0" encoding="UTF-8"?>
<root>
  <item name="ua.privatbank.core.network.interceptors.HttpLoggingInterceptor HttpLoggingInterceptor(java.lang.String) 0">
    <annotation name="androidx.annotation.StringDef" />
  </item>
  <item name="ua.privatbank.core.network.interceptors.HttpLoggingInterceptor java.lang.String getLevel()">
    <annotation name="androidx.annotation.StringDef" />
  </item>
  <item name="ua.privatbank.core.network.interceptors.HttpLoggingInterceptor level">
    <annotation name="androidx.annotation.StringDef" />
  </item>
  <item name="ua.privatbank.core.network.interceptors.HttpLoggingInterceptor ua.privatbank.core.network.interceptors.HttpLoggingInterceptor setLevel(java.lang.String) 0">
    <annotation name="androidx.annotation.StringDef" />
  </item>
  <item name="ua.privatbank.core.network.interceptors.LevelDef">
    <annotation name="androidx.annotation.StringDef" />
  </item>
</root>

