<?xml version="1.0" encoding="UTF-8"?>
<root>
  <item name="ua.privatbank.core.utils.FileUtils.ImageValidationResult ImageValidationResult(boolean, int) 1">
    <annotation name="androidx.annotation.IntDef">
      <val name="value" val="{ua.privatbank.core.utils.FileUtils.ImageValidationErrorCode.IMAGE_TOO_SMALL, ua.privatbank.core.utils.FileUtils.ImageValidationErrorCode.IMAGE_TOO_BIG, ua.privatbank.core.utils.FileUtils.ImageValidationErrorCode.UNKNOWN_ERROR}" />
    </annotation>
  </item>
  <item name="ua.privatbank.core.utils.FileUtils.ImageValidationResult errorCode">
    <annotation name="androidx.annotation.IntDef">
      <val name="value" val="{ua.privatbank.core.utils.FileUtils.ImageValidationErrorCode.IMAGE_TOO_SMALL, ua.privatbank.core.utils.FileUtils.ImageValidationErrorCode.IMAGE_TOO_BIG, ua.privatbank.core.utils.FileUtils.ImageValidationErrorCode.UNKNOWN_ERROR}" />
    </annotation>
  </item>
  <item name="ua.privatbank.core.utils.FileUtils.ImageValidationResult int getErrorCode()">
    <annotation name="androidx.annotation.IntDef">
      <val name="value" val="{ua.privatbank.core.utils.FileUtils.ImageValidationErrorCode.IMAGE_TOO_SMALL, ua.privatbank.core.utils.FileUtils.ImageValidationErrorCode.IMAGE_TOO_BIG, ua.privatbank.core.utils.FileUtils.ImageValidationErrorCode.UNKNOWN_ERROR}" />
    </annotation>
  </item>
</root>

